City,Lat,Lng,Max Temp,Humidity,Clouds,Wind Speed,Country,Date
Okhotsk,59.3833,143.3,-17.25,76,2,15.28,RU,1640929322
Punta Arenas,-53.15,-70.9167,46.51,76,75,9.22,CL,1640929501
Hasaki,35.7333,140.8333,43.09,56,29,20.74,JP,1640929501
Hamilton,39.1834,-84.5333,49.98,96,75,4.61,US,1640929215
Arraial do Cabo,-22.9661,-42.0278,73.71,91,100,18.3,BR,1640929502
Hithadhoo,-0.6,73.0833,81.97,71,13,10.2,MV,1640929502
Kloulklubed,7.0419,134.2556,84.7,78,99,15.46,PW,1640929502
Rocha,-34.4833,-54.3333,65.43,98,83,5.35,UY,1640929503
Yellowknife,62.456,-114.3525,-21.48,76,90,8.05,CA,1640929503
Hong Kong,22.2855,114.1577,70.03,71,44,5.99,HK,1640929412
Kumul,42.8,93.45,25.07,49,64,3.33,CN,1640929504
Maningrida,-12.0667,134.2667,86.81,69,76,12.59,AU,1640929504
Hilo,19.7297,-155.09,71.26,88,90,4.61,US,1640929504
Severo-Kuril'sk,50.6789,156.125,33.3,94,100,40.85,RU,1640929504
Ilulissat,69.2167,-51.1,14.02,34,59,6.91,GL,1640929505
Busselton,-33.65,115.3333,79.09,44,81,14.9,AU,1640929505
Mataura,-46.1927,168.8643,68.49,55,98,10.11,NZ,1640929505
Bluff,-46.6,168.3333,68.81,71,99,21.14,NZ,1640929505
Carnarvon,-24.8667,113.6333,82.47,69,0,21.85,AU,1640929506
Qui Nhon,13.7667,109.2333,76.21,76,33,17.31,VN,1640929264
Fairbanks,64.8378,-147.7164,-0.06,76,40,8.05,US,1640929506
Kenai,60.5544,-151.2583,21.15,92,90,10.36,US,1640929508
Mahébourg,-20.4081,57.7,82.26,61,40,12.66,MU,1640929508
Rikitea,-23.1203,-134.9692,78.33,72,92,12.35,PF,1640929508
Plettenberg Bay,-34.0527,23.3716,65.39,65,44,6.76,ZA,1640929509
Sabzawār,36.2126,57.6819,34.88,55,75,4.61,IR,1640929509
Saint Paul Harbor,57.79,-152.4072,35.82,92,100,5.88,US,1640929471
Warangal,18.0,79.5833,78.71,51,0,7.02,IN,1640929429
Bulancak,40.9372,38.2291,40.82,60,0,2.3,TR,1640929509
Dudinka,69.4058,86.1778,-34.42,100,100,3.58,RU,1640929510
Bose,45.4612,8.0137,48.96,56,4,3.13,IT,1640929510
Boulder,40.0833,-105.3505,36.09,45,1,7.0,US,1640929510
San Patricio,28.017,-97.5169,73.89,96,29,6.67,US,1640929511
Clyde River,70.4692,-68.5914,-7.37,84,100,9.22,CA,1640929513
Cherskiy,68.75,161.3,-26.19,99,99,2.59,RU,1640929513
Port Lincoln,-34.7333,135.8667,80.01,47,3,8.03,AU,1640929514
Panacan,9.2463,118.4082,81.88,76,98,21.59,PH,1640929514
Sabha,27.0377,14.4283,50.18,89,0,9.46,LY,1640929515
Yinchuan,38.4681,106.2731,30.38,24,100,3.58,CN,1640929515
Jamestown,42.097,-79.2353,42.08,72,90,1.01,US,1640929516
Saint George,37.1041,-113.5841,46.87,87,90,1.01,US,1640929516
Provideniya,64.3833,-173.3,-6.32,87,94,11.59,RU,1640929516
Tarsus,36.9188,34.8784,48.58,59,75,8.05,TR,1640929516
Esperance,-33.8667,121.9,67.84,74,86,11.95,AU,1640929517
Lompoc,34.6391,-120.4579,54.12,92,90,4.61,US,1640929517
Cape Town,-33.9258,18.4232,67.1,72,0,3.44,ZA,1640929469
Dunedin,-45.8742,170.5036,64.53,68,100,6.55,NZ,1640929517
Opuwo,-18.0607,13.84,71.53,33,100,7.78,NA,1640929518
Hobart,-42.8794,147.3294,93.11,56,20,1.01,AU,1640929240
Along,28.1667,94.7667,67.3,56,76,3.06,IN,1640929518
Cidreira,-30.1811,-50.2056,71.62,88,97,14.09,BR,1640929519
Pevek,69.7008,170.3133,-18.72,99,86,0.78,RU,1640929519
Port Elizabeth,-33.918,25.5701,68.09,82,0,2.3,ZA,1640929520
Port Alfred,-33.5906,26.891,68.47,75,86,11.45,ZA,1640929520
Katsuura,35.1333,140.3,44.11,62,74,24.45,JP,1640929255
Macamic,48.7502,-78.9996,7.03,96,98,3.98,CA,1640929521
Hirara,24.8,125.2833,66.47,59,75,17.27,JP,1640929468
Airai,-8.9266,125.4092,66.94,84,85,3.44,TL,1640929521
Gimbi,9.1667,35.8333,63.54,66,90,2.48,ET,1640929522
Chokurdakh,70.6333,147.9167,-28.93,99,97,2.73,RU,1640929522
Kiryat Gat,31.61,34.7642,60.91,100,100,7.63,IL,1640929522
Hamada,34.8833,132.0833,38.12,61,100,22.21,JP,1640929522
Atambua,-9.1061,124.8925,79.32,76,93,4.36,ID,1640929523
Butaritari,3.0707,172.7902,81.93,78,77,9.53,KI,1640929523
Kapaa,22.0752,-159.319,73.38,88,90,4.0,US,1640929523
Srednekolymsk,67.45,153.6833,-23.8,97,100,4.94,RU,1640929523
Lagoa,39.05,-27.9833,57.09,71,100,29.12,PT,1640929524
Castro,-24.7911,-50.0119,59.38,98,97,5.06,BR,1640929524
Evensk,61.95,159.2333,-11.43,80,9,10.58,RU,1640929524
Shushenskoye,53.325,91.9356,8.28,74,65,2.19,RU,1640929524
Kjøllefjord,70.9457,27.3465,24.44,64,96,11.43,NO,1640929525
Porecatu,-22.7558,-51.3792,70.27,92,8,8.55,BR,1640929525
Qaanaaq,77.484,-69.3632,-13.49,72,81,7.67,GL,1640929525
Tondano,1.3038,124.9112,71.69,82,97,3.56,ID,1640929525
Naples,40.8333,14.25,58.77,64,0,4.0,IT,1640929525
Gladstone,-23.85,151.25,82.33,61,90,13.8,AU,1640929451
Bredasdorp,-34.5322,20.0403,64.27,67,10,6.91,ZA,1640929526
Kahului,20.8947,-156.47,74.84,91,40,8.05,US,1640929527
Trofors,65.5333,13.4063,33.15,97,99,2.95,NO,1640929527
Hofn,64.2539,-15.2082,29.41,69,13,12.3,IS,1640929527
Bulgan,48.8125,103.5347,12.9,70,63,5.01,MN,1640929528
Albany,42.6001,-73.9662,44.1,94,97,1.86,US,1640929528
Zhezkazgan,47.8043,67.7144,6.78,78,40,11.18,KZ,1640929528
Nikolskoye,59.7035,30.7861,24.69,96,98,10.4,RU,1640929529
Izumo,35.3667,132.7667,39.09,56,75,23.02,JP,1640929379
Teahupoo,-17.8333,-149.2667,78.76,79,57,17.76,PF,1640929529
Santa Rosa,14.3122,121.1114,87.78,58,50,20.58,PH,1640929530
Leningradskiy,69.3833,178.4167,-25.17,97,53,5.61,RU,1640929530
Los Llanos de Aridane,28.6585,-17.9182,71.35,30,0,4.0,ES,1640929530
Cabo San Lucas,22.8909,-109.9124,73.06,81,70,3.0,MX,1640929531
Dikson,73.5069,80.5464,-16.46,100,94,1.41,RU,1640929532
New Norfolk,-42.7826,147.0587,91.76,9,31,5.01,AU,1640929532
Verkhoyansk,67.5447,133.385,-48.37,95,88,1.86,RU,1640929532
Gorodishche,48.8045,44.4744,32.88,100,90,8.95,RU,1640929532
Zavitinsk,50.1167,129.45,-15.72,93,51,8.7,RU,1640929533
Berbera,10.4396,45.0143,78.19,64,31,2.46,SO,1640929502
Alvorada,-12.48,-49.1247,70.27,99,100,2.68,BR,1640929534
Mar del Plata,-38.0023,-57.5575,60.87,88,0,5.99,AR,1640929534
Mirny,62.5353,113.9611,-7.35,98,100,2.66,RU,1640929446
Talnakh,69.4865,88.3972,-12.55,99,99,4.41,RU,1640929534
Mossamedes,-15.1961,12.1522,73.56,67,93,7.2,AO,1640929535
Vardø,70.3705,31.1107,28.67,52,99,16.24,NO,1640929535
Antakya,36.2066,36.1572,40.82,69,70,6.82,TR,1640929452
Puerto Ayora,-0.7393,-90.3518,68.9,86,95,7.67,EC,1640929535
Betanzos,43.2804,-8.2147,60.96,75,20,1.99,ES,1640929535
Faanui,-16.4833,-151.75,81.19,76,98,18.14,PF,1640929536
Port Blair,11.6667,92.75,83.55,68,4,17.78,IN,1640929536
Guadalajara de Buga,3.9009,-76.2978,69.51,94,92,0.43,CO,1640929536
Podor,16.6527,-14.9587,69.87,17,0,10.4,MR,1640929537
Barrow,71.2906,-156.7887,-20.18,69,1,8.05,US,1640929537
Morgan City,29.6994,-91.2068,75.02,100,90,10.36,US,1640929537
Rio Grande,-32.035,-52.0986,71.64,86,23,11.92,BR,1640929537
Ushuaia,-54.8,-68.3,47.86,57,40,3.44,AR,1640929537
Viedma,-40.8135,-62.9967,62.1,51,0,15.21,AR,1640929538
Harper,4.375,-7.7169,78.96,84,36,6.33,LR,1640929538
Kargasok,59.0556,80.8572,4.24,93,100,9.69,RU,1640929538
Fortuna,40.5982,-124.1573,42.42,95,90,0.0,US,1640929538
Talcahuano,-36.7167,-73.1167,53.28,76,0,9.22,CL,1640929538
Westport,41.1415,-73.3579,48.06,96,90,1.01,US,1640929539
George Town,5.4112,100.3354,85.98,69,40,1.01,MY,1640929484
Tasiilaq,65.6145,-37.6368,15.96,52,1,6.55,GL,1640929539
Bambous Virieux,-20.3428,57.7575,82.22,61,40,12.66,MU,1640929539
Isangel,-19.55,169.2667,86.11,84,75,4.61,VU,1640929540
Mozarlândia,-14.7447,-50.5706,69.13,99,100,3.67,BR,1640929540
Bireun,5.203,96.7009,76.26,91,100,6.55,ID,1640929540
Almeria,37.1667,-2.3333,42.96,45,3,4.5,ES,1640929541
Atuona,-9.8,-139.0333,79.03,70,6,18.54,PF,1640929542
Lagunas,-5.2269,-75.6753,71.83,93,96,2.71,PE,1640929542
Torbay,47.6666,-52.7314,28.76,87,90,1.99,CA,1640929542
Luján,-34.5703,-59.105,78.94,69,7,1.99,AR,1640929543
Souillac,-20.5167,57.5167,82.36,61,40,12.66,MU,1640929544
Vaini,-21.2,-175.2,82.56,89,75,6.91,TO,1640929545
Itarantim,-15.6597,-40.0656,67.37,97,94,1.14,BR,1640929546
Vao,-22.6667,167.4833,76.59,75,100,22.55,NC,1640929546
Katobu,-4.9408,122.5276,80.98,82,100,1.81,ID,1640929546
Port-Cartier,50.0334,-66.8654,26.71,91,100,4.7,CA,1640929547
Husavik,66.0449,-17.3389,17.51,89,65,13.65,IS,1640929547
Svarstad,59.399,9.9698,39.56,94,100,2.95,NO,1640929548
Saint-Philippe,-21.3585,55.7679,82.22,74,86,11.86,RE,1640929548
Pak Phanang,8.3511,100.202,87.82,76,46,13.09,TH,1640929370
Saint-Pierre,-21.3393,55.4781,82.29,62,0,17.27,RE,1640929548
Quelimane,-17.8786,36.8883,82.35,78,75,10.0,MZ,1640929549
Zolotkovo,55.5281,41.1053,10.62,98,97,4.76,RU,1640929550
Am Timan,11.0297,20.2827,72.99,31,36,3.96,TD,1640929550
Thompson,55.7435,-97.8558,-21.84,76,40,3.44,CA,1640929550
Saint Anthony,45.0205,-93.218,25.0,88,1,3.44,US,1640929551
Hermanus,-34.4187,19.2345,64.8,67,0,13.04,ZA,1640929551
East London,-33.0153,27.9116,66.61,83,96,7.85,ZA,1640929552
Lavrentiya,65.5833,-171.0,-17.75,94,32,9.78,RU,1640929552
Nyurba,63.2842,118.3319,-34.13,100,97,1.61,RU,1640929552
Nemuro,43.3236,145.575,23.43,61,32,14.12,JP,1640929553
Bandar-e Lengeh,26.5579,54.8807,68.11,73,90,11.5,IR,1640929553
Chui,-33.6971,-53.4616,66.99,95,16,7.18,UY,1640929553
Samarai,-10.6167,150.6667,84.2,75,100,9.01,PG,1640929553
Yatou,37.15,122.3833,34.45,47,21,4.81,CN,1640929554
Pangnirtung,66.1451,-65.7125,-4.88,66,61,5.99,CA,1640929554
Waddān,29.1614,16.139,52.77,88,70,7.38,LY,1640929554
Barra do Garças,-15.89,-52.2567,70.74,99,99,1.1,BR,1640929554
Wesselsbron,-27.8549,26.3658,72.28,52,0,10.83,ZA,1640929554
Erenhot,43.6475,111.9767,24.24,41,0,15.86,CN,1640929509
Papetoai,-17.4961,-149.8729,83.79,73,29,15.57,PF,1640929555
Grindavik,63.8424,-22.4338,34.27,75,0,10.36,IS,1640929555
Sivac,45.7033,19.3822,39.15,88,99,7.25,RS,1640929556
Codrington,-38.2667,141.9667,74.91,45,0,12.06,AU,1640929557
Alofi,-19.0595,-169.9187,82.29,74,59,8.05,NU,1640929557
Tuktoyaktuk,69.4541,-133.0374,-29.2,68,1,5.75,CA,1640929558
Bubaque,11.2833,-15.8333,79.0,59,100,7.29,GW,1640929558
Zaozyornoye,45.1582,33.2787,39.94,81,100,7.7,UA,1640929558
Ambilobe,-13.2,49.05,88.2,57,100,2.1,MG,1640929559
Pointe Michel,15.25,-61.3833,77.9,76,36,13.27,DM,1640929559
Oranjestad,12.524,-70.027,78.91,83,20,3.0,AW,1640929559
Saldanha,-33.0117,17.9442,59.05,68,0,2.89,ZA,1640929559
Kinkala,-4.3614,14.7644,71.91,98,100,2.39,CG,1640929559
Udachny,66.4167,112.4,-28.55,74,100,2.46,RU,1640929560
Khatanga,71.9667,102.5,-29.34,93,18,10.27,RU,1640929560
Ribeira Grande,38.5167,-28.7,58.55,69,97,25.3,PT,1640929560
Zhigansk,66.7697,123.3711,-35.55,97,100,10.85,RU,1640929561
Kavieng,-2.5744,150.7967,84.47,73,100,15.55,PG,1640929561
Atar,20.5169,-13.0499,64.58,28,0,8.99,MR,1640929561
Malbork,54.0359,19.0266,48.11,100,100,8.86,PL,1640929562
São José da Coroa Grande,-8.8978,-35.1478,76.82,79,13,6.42,BR,1640929562
Araouane,18.9048,-3.5265,63.41,23,0,10.47,ML,1640929562
Tual,-5.6667,132.75,83.66,73,99,13.56,ID,1640929563
Longyearbyen,78.2186,15.6401,10.24,67,0,19.57,SJ,1640929563
Ponta do Sol,32.6667,-17.1,72.23,41,100,9.78,PT,1640929564
Isla Mujeres,21.2311,-86.731,78.85,82,0,13.24,MX,1640929564
Hastings,50.8552,0.5729,55.98,86,74,23.47,GB,1640929564
De-Kastri,51.4667,140.7833,2.52,93,100,25.84,RU,1640929564
Richards Bay,-28.783,32.0377,71.22,91,99,15.66,ZA,1640929564
Loa Janan,-0.583,117.095,85.6,69,92,3.02,ID,1640929565
Acapulco de Juárez,16.8634,-99.8901,73.87,77,3,4.34,MX,1640929565
Iqaluit,63.7506,-68.5145,13.73,85,90,12.66,CA,1640929566
Juegang,32.3174,121.1855,45.63,44,100,9.51,CN,1640929566
Mackenzie,55.2999,-123.1698,-14.58,84,40,0.0,CA,1640929566
Marystown,47.1666,-55.1483,30.85,100,100,4.03,CA,1640929567
Sitka,57.0531,-135.33,31.89,80,40,5.75,US,1640929567
Ossora,59.2353,163.0719,-9.98,91,5,5.03,RU,1640929568
Christchurch,-43.5333,172.6333,67.32,75,98,8.01,NZ,1640929560
Antanifotsy,-19.65,47.3167,69.67,76,94,3.4,MG,1640929568
Causapscal,48.3542,-67.227,19.62,98,98,1.41,CA,1640929569
Nanortalik,60.1432,-45.2371,21.18,63,35,4.76,GL,1640929569
Yangi Marg`ilon,40.4272,71.7189,39.92,41,100,2.3,UZ,1640929569
Ostrovnoy,68.0531,39.5131,23.36,94,100,8.72,RU,1640929570
Zheshart,62.0731,49.5733,5.7,96,100,6.76,RU,1640929570
Bodden Town,19.2833,-81.25,77.94,87,7,13.71,KY,1640929570
Aitape,-3.1374,142.3475,81.05,77,100,3.33,PG,1640929570
Santa Maria,-29.6842,-53.8069,70.5,76,46,4.52,BR,1640929571
Safi,32.2994,-9.2372,65.44,49,22,8.63,MA,1640929571
Kidal,18.4411,1.4078,61.36,24,0,10.76,ML,1640929571
Vallenar,-28.5708,-70.7581,64.74,73,1,2.84,CL,1640929571
Wyndham,37.6985,-77.6125,54.14,94,90,0.0,US,1640929571
Lhokseumawe,5.1801,97.1507,74.05,94,100,8.79,ID,1640929572
Silver City,32.7701,-108.2803,37.67,91,90,4.0,US,1640929572
Aklavik,68.2191,-135.0107,-26.57,100,97,2.59,CA,1640929572
Karad,17.2833,74.2,77.97,46,5,12.33,IN,1640929573
Avarua,-21.2078,-159.775,77.05,88,20,4.61,CK,1640929573
Kraljevo,43.7258,20.6894,33.8,100,75,1.14,RS,1640929573
Mahdasht,35.7299,50.8111,41.22,80,75,9.22,IR,1640929573
Mundo Nuevo (Ojo de Agua),18.7,-95.5,74.1,86,0,6.58,MX,1640929574
Eureka,40.8021,-124.1637,42.67,94,93,3.09,US,1640929574
Yulara,-25.2406,130.9889,93.04,14,100,17.27,AU,1640929574
Saint-François,46.4154,3.9054,33.24,100,20,2.3,FR,1640929574
Asău,46.4333,26.4,24.28,95,99,7.2,RO,1640929575
Xam Nua,20.4197,104.0439,62.58,75,100,3.42,LA,1640929575
Praia,14.9215,-23.5087,73.94,27,20,10.36,CV,1640929576
Liberty,31.8335,-81.5004,70.12,91,1,8.01,US,1640929578
Mbandaka,0.0487,18.2603,73.56,81,78,4.0,CD,1640929579
Hue,16.4667,107.6,73.51,78,75,13.8,VN,1640929575
Narsaq,60.9167,-46.05,12.42,55,82,7.31,GL,1640929579
Areosa,41.7178,-8.8571,56.46,68,15,10.22,PT,1640929580
Mount Isa,-20.7333,139.5,100.17,19,27,6.91,AU,1640929580
Santa Ana,33.7456,-117.8678,55.83,93,1,4.61,US,1640929580
São Félix do Xingu,-6.6447,-51.995,72.12,100,100,1.01,BR,1640929581
Deputatsky,69.3,139.9,-34.85,100,100,2.26,RU,1640929581
Hambantota,6.1241,81.1185,86.34,79,40,8.05,LK,1640929325
Meulaboh,4.1363,96.1285,82.38,75,100,3.09,ID,1640929581
Poum,-20.2333,164.0167,81.3,81,100,13.67,NC,1640929582
Port Hedland,-20.3167,118.5667,89.65,55,46,16.11,AU,1640929582
Santa Cruz de La Palma,28.6835,-17.7642,75.34,23,0,13.8,ES,1640929582
Yumen,40.2833,97.2,29.7,33,42,20.76,CN,1640929583
Třemošnice,49.8691,15.58,53.04,82,90,13.8,CZ,1640929583
Mehamn,71.0357,27.8492,24.76,63,100,10.85,NO,1640929584
Pangkalanbuun,-2.6833,111.6167,87.15,61,100,3.47,ID,1640929584
Limbang,4.75,115.0,89.91,55,83,4.81,MY,1640929584
St. George's,12.0564,-61.7485,74.88,88,20,9.22,GD,1640929529
Kuytun,54.3419,101.5036,3.43,85,74,5.17,RU,1640929585
Sittwe,20.15,92.9,81.61,38,98,5.55,MM,1640929585
Saskylakh,71.9167,114.0833,-42.57,100,64,2.93,RU,1640929585
Igrim,63.1906,64.4162,7.34,91,100,6.53,RU,1640929585
Tura,25.5198,90.2201,74.43,34,0,4.72,IN,1640929586
Nevers,46.9896,3.159,42.55,94,5,4.25,FR,1640929586
Weihe,32.9952,105.3247,40.59,61,98,3.09,CN,1640929586
Slochteren,53.2208,6.8055,57.47,87,90,8.99,NL,1640929586
Santa Isabel Rio Negro,-0.4139,-65.0192,73.78,96,99,1.01,BR,1640929586
Te Anau,-45.4167,167.7167,58.62,75,100,7.96,NZ,1640929587
Sumkino,58.1108,68.3244,4.5,94,76,6.78,RU,1640929587
Khorixas,-20.3667,14.9667,68.27,25,13,3.29,NA,1640929588
Ancud,-41.8697,-73.8203,54.23,88,95,15.37,CL,1640929588
Katangli,51.7102,143.2326,-1.55,85,80,16.49,RU,1640929589
‘Ewa Beach,21.3156,-158.0072,73.35,88,75,3.0,US,1640929589
Kruisfontein,-34.0033,24.7314,65.88,60,5,6.69,ZA,1640929590
Salinas,36.6777,-121.6555,51.08,84,30,0.94,US,1640929591
Guerrero Negro,27.9769,-114.0611,63.03,85,100,14.14,MX,1640929591
Serenje,-13.2325,30.2352,71.08,69,100,2.8,ZM,1640929591
Bogashevo,56.3683,85.1447,-0.02,74,75,20.13,RU,1640929592
Khani,41.9563,42.9566,22.57,73,86,7.2,GE,1640929592
Dāmghān,36.1683,54.348,42.46,39,100,0.13,IR,1640929592
Hualmay,-11.0964,-77.6139,68.65,87,70,9.57,PE,1640929592
Lithakia,37.7167,20.8333,53.58,71,0,19.66,GR,1640929593
Ginir,7.1333,40.7,65.82,31,2,8.3,ET,1640929593
Kristinestad,62.2743,21.376,24.58,91,78,6.24,FI,1640929593
Leuwiliang,-6.5745,106.6344,93.78,58,98,5.57,ID,1640929594
Rosarito,32.3333,-117.0333,57.79,79,16,6.46,MX,1640929594
Lamar,33.6668,-95.5836,62.26,76,1,5.75,US,1640929594
Bogorodskoye,56.55,37.8833,18.27,95,96,8.39,RU,1640929595
Saint-Augustin,51.226,-58.6502,10.67,97,97,4.41,CA,1640929595
Frontera,26.9333,-101.45,72.32,46,60,1.01,MX,1640929595
Tortolì,39.9256,9.6572,53.42,82,0,5.75,IT,1640929595
Whitehorse,60.7161,-135.0538,-4.99,76,1,3.0,CA,1640929596
Lancaster,40.2504,-76.2499,49.75,89,90,1.01,US,1640929596
Alice Springs,-23.7,133.8833,96.35,21,40,6.91,AU,1640929505
Petropavlovsk-Kamchatskiy,53.0452,158.6483,27.19,74,90,17.9,RU,1640929398
Norden,53.6,7.2,55.94,90,94,24.72,DE,1640929597
Mangai,-4.05,19.5333,70.84,97,100,1.79,CD,1640929598
Kirakira,-10.4544,161.9205,83.84,79,100,3.87,SB,1640929598
Broome,42.2506,-75.833,45.18,83,90,1.99,US,1640929598
Klaksvík,62.2266,-6.589,40.12,73,100,20.07,FO,1640929599
Basco,20.4487,121.9702,73.17,76,88,25.68,PH,1640929599
Sisimiut,66.9395,-53.6735,10.2,77,100,4.56,GL,1640929599
Ahmednagar,19.0833,74.7333,74.17,52,42,10.49,IN,1640929599
Doka,13.5167,35.7667,72.09,16,31,13.29,SD,1640929600
Tiksi,71.6872,128.8694,-35.36,100,100,2.28,RU,1640929600
Olafsvik,64.8945,-23.7142,32.18,76,97,6.02,IS,1640929600
Benghazi,32.1167,20.0667,60.96,64,30,22.48,LY,1640929600
Beitbridge,-22.2167,30.0,83.75,52,64,12.15,ZW,1640929601
Najrān,17.4924,44.1277,59.65,43,13,1.32,SA,1640929601
Edson,53.5835,-116.4356,-12.89,77,1,2.3,CA,1640929601
Oodweyne,9.4092,45.064,69.53,45,0,8.43,SO,1640929602
Lac du Bonnet,50.2536,-96.0612,-6.59,99,100,3.4,CA,1640929602
Sarangani,5.4033,125.4636,79.47,77,99,17.98,PH,1640929602
Manta,-0.95,-80.7333,74.98,88,90,8.05,EC,1640929602
Kavaratti,10.5669,72.642,80.98,71,25,8.52,IN,1640929603
Oranjemund,-28.55,16.4333,63.66,78,15,8.61,NA,1640929605
Lebu,-37.6167,-73.65,52.09,81,0,10.56,CL,1640929606
Saint Lawrence,36.0553,14.204,49.41,72,0,2.1,MT,1640929606
Gwanda,-20.9333,29.0,78.35,57,80,2.17,ZW,1640929606
Il'inskoye-Khovanskoye,56.9718,39.7684,16.93,97,100,8.99,RU,1640929607
Havre-St-Pierre,50.2334,-63.5986,28.4,100,90,5.75,CA,1640929607
Touros,-5.1989,-35.4608,79.7,78,50,12.19,BR,1640929607
Owo,7.1962,5.5868,67.12,79,32,1.05,NG,1640929608
Bāglung,28.2719,83.5898,60.94,38,16,4.07,NP,1640929608
Erin,36.3184,-87.6947,56.75,78,79,6.67,US,1640929608
Ferrol,43.4832,-8.2369,60.57,78,58,7.02,ES,1640929608
Port Hardy,50.6996,-127.4199,35.6,93,40,6.91,CA,1640929610
Listvyanka,51.8535,104.8693,9.9,76,100,17.63,RU,1640929612
Anshun,26.25,105.9333,40.73,91,100,1.99,CN,1640929613
Mokolo,10.7398,13.8019,63.88,23,5,4.68,CM,1640929613
Baykit,61.67,96.37,-3.68,91,100,8.23,RU,1640929614
Uruçuí,-7.2294,-44.5561,75.58,89,100,3.11,BR,1640929614
Zhangjiakou,40.81,114.8794,26.74,28,1,1.23,CN,1640929595
Pisco,-13.7,-76.2167,68.05,83,0,13.8,PE,1640929615
Kaitangata,-46.2817,169.8464,68.94,45,100,12.21,NZ,1640929615
Faya,18.3851,42.4509,55.51,68,84,6.2,SA,1640929616
Chara,56.9064,118.2631,-15.38,91,54,0.98,RU,1640929616
Bengkulu,-3.8004,102.2655,81.79,78,98,3.04,ID,1640929481
São João da Barra,-21.6403,-41.0511,73.87,92,100,12.28,BR,1640929616
Tocopilla,-22.092,-70.1979,66.67,83,58,3.51,CL,1640929617
Āreka,7.0667,37.7,70.27,38,39,5.97,ET,1640929617
Kamphaeng Phet,16.25,99.5,85.03,46,3,6.33,TH,1640929617
Fort Frances,48.5999,-93.4003,0.05,80,90,3.44,CA,1640929618
Yakeshi,49.2833,120.7333,-10.55,84,12,0.87,CN,1640929618
Ivybridge,50.3904,-3.9191,56.86,97,100,21.81,GB,1640929618
Beian,63.6559,9.5683,41.0,87,40,16.11,NO,1640929619
Port-Gentil,-0.7193,8.7815,78.76,89,75,4.61,GA,1640929619
Byron Bay,-28.65,153.6167,77.11,72,74,12.84,AU,1640929506
Norman Wells,65.282,-126.8329,-36.36,61,75,3.44,CA,1640929620
Xunchang,28.4543,104.715,45.28,67,100,1.83,CN,1640929620
Tambopata,-12.7333,-69.1833,73.54,94,77,1.57,PE,1640929621
George Town,5.4112,100.3354,87.73,69,40,1.01,MY,1640929500
Shimoda,34.6667,138.95,46.76,42,17,31.88,JP,1640929468
Ahipara,-35.1667,173.1667,67.68,67,7,13.85,NZ,1640929622
Bekhtery,46.251,32.2927,28.0,82,100,2.42,UA,1640929622
Lata,40.1629,-8.3327,54.81,79,29,5.57,PT,1640929622
Oyem,1.5995,11.5793,68.18,97,72,2.8,GA,1640929622
Carballo,43.213,-8.691,59.76,85,72,9.35,ES,1640929623
San Cristobal,7.7669,-72.225,68.18,89,84,1.36,VE,1640929623
Verāval,20.9,70.3667,77.32,49,68,11.83,IN,1640929623
Pizarro,4.9533,-77.366,75.47,93,91,3.87,CO,1640929624
Houston,29.7633,-95.3633,74.12,89,90,1.99,US,1640929624
Bad Ischl,47.7111,13.6189,49.98,96,71,5.17,AT,1640929624
Esim,4.8699,-2.2405,78.69,84,90,6.67,GH,1640929624
Włodawa,51.55,23.55,41.31,99,100,9.51,PL,1640929625
Egvekinot,66.3167,-179.1667,-17.1,83,16,12.88,RU,1640929625
Half Moon Bay,37.4636,-122.4286,49.69,87,90,6.91,US,1640929626
Sūsangerd,31.5608,48.1831,55.42,58,44,8.41,IR,1640929626
Junín,-34.5838,-60.9433,66.96,49,0,7.05,AR,1640929626
Malinovoye Ozero,51.6753,79.7825,3.07,81,91,6.35,RU,1640929627
Seymchan,62.8833,152.4333,-46.14,100,68,0.76,RU,1640929627
Portland,45.5234,-122.6762,39.61,93,75,4.0,US,1640929627
Vaijāpur,19.9167,74.7333,73.15,54,35,11.14,IN,1640929628
Rong Kwang,18.339,100.3174,83.68,40,0,0.96,TH,1640929628
Grand-Lahou,5.1367,-5.0242,79.77,85,14,6.78,CI,1640929629
Salalah,17.0151,54.0924,76.69,69,71,5.88,OM,1640929629
Ca Mau,9.1769,105.15,89.04,45,18,17.36,VN,1640929509
Necochea,-38.5473,-58.7368,57.2,68,0,4.59,AR,1640929630
Sorong,-0.8833,131.25,82.36,79,89,3.67,ID,1640929630
Inongo,-1.95,18.2667,72.66,93,99,5.41,CD,1640929630
Berlevåg,70.8578,29.0864,25.99,60,97,11.56,NO,1640929631
Tucupita,9.0622,-62.051,68.65,98,100,2.89,VE,1640929632
Bethel,41.3712,-73.414,45.91,92,90,0.0,US,1640929632
Biak,-0.9131,122.8766,85.14,61,100,1.57,ID,1640929632
Hyderabad,17.3753,78.4744,76.51,73,40,3.44,IN,1640929595
Buala,-8.145,159.5921,81.41,79,100,1.92,SB,1640929632
Honningsvåg,70.9821,25.9704,29.19,53,100,16.44,NO,1640929633
Seguin,29.5688,-97.9647,68.72,98,90,0.0,US,1640929633
Bowen,-20.0167,148.2333,88.02,64,88,12.5,AU,1640929633
Nikel,69.4128,30.222,26.78,81,100,13.96,RU,1640929633
Zavetnoye,47.1194,43.8903,35.64,100,100,5.91,RU,1640929634
Jiuquan,39.7432,98.5174,28.67,24,9,2.24,CN,1640929634
Pringsewu,-5.3582,104.9744,86.34,69,98,1.81,ID,1640929634
Mutare,-18.9707,32.6709,75.18,65,82,4.5,ZW,1640929634
Kamaishi,39.2667,141.8833,25.75,72,76,13.53,JP,1640929635
Ogbomosho,8.133,4.25,70.29,25,4,1.59,NG,1640929635
Leticia,-4.2153,-69.9406,73.08,99,96,2.04,CO,1640929635
Sri Aman,1.2376,111.4621,87.85,74,40,0.0,MY,1640929635
Ejea de los Caballeros,42.1263,-1.1372,56.88,66,14,2.08,ES,1640929636
Clarksdale,34.2001,-90.5709,60.91,100,90,5.75,US,1640929636
Ormara,25.2088,64.6357,72.54,43,98,20.47,PK,1640929636
Masterton,-40.9597,175.6575,68.88,72,83,1.66,NZ,1640929636
Cam Ranh,11.9214,109.1591,82.36,54,20,21.85,VN,1640929637
Krasnyy Chikoy,50.3643,108.7512,12.07,88,99,4.18,RU,1640929637
Hobyo,5.3505,48.5268,81.01,59,88,19.48,SO,1640929637
Chokwé,-24.5333,32.9833,84.0,68,26,4.0,MZ,1640929637
Lonate Pozzolo,45.5968,8.7547,53.24,96,20,5.75,IT,1640929638
Goderich,43.7501,-81.7165,34.92,86,90,3.44,CA,1640929638
Sirte,31.2089,16.5887,60.53,63,0,20.18,LY,1640929638
Darhan,49.4867,105.9228,8.74,92,100,5.44,MN,1640929639
Esil,51.9556,66.4042,8.6,82,100,7.36,KZ,1640929639
Salisbury,51.0693,-1.7957,56.28,90,90,19.57,GB,1640929640
Timrå,62.487,17.3257,21.67,86,40,4.61,SE,1640929640
Kalmunai,7.4167,81.8167,82.0,75,58,10.98,LK,1640929640
Olinda,-8.0089,-34.8553,80.33,74,75,8.05,BR,1640929640
Maun,-19.9833,23.4167,73.36,83,0,6.91,BW,1640929564
Upernavik,72.7868,-56.1549,-12.44,92,54,12.71,GL,1640929641
Mombasa,-4.0547,39.6636,82.81,78,20,5.75,KE,1640929510
Bilma,18.6853,12.9164,57.56,38,0,9.28,NE,1640929642
Westlock,54.1502,-113.8688,-16.46,100,54,3.62,CA,1640929642
Ortega,3.9361,-75.2217,71.85,87,58,2.53,CO,1640929643
Wajir,1.7471,40.0573,76.96,78,20,10.36,KE,1640929645
Jalu,29.0331,21.5482,54.77,68,14,15.64,LY,1640929645
Cotonou,6.3654,2.4183,79.3,83,14,5.23,BJ,1640929646
Arrondissement de Cognac,45.5,-0.25,50.77,93,5,0.0,FR,1640929646
Inuvik,68.3499,-133.7218,-26.54,68,20,2.3,CA,1640929646
Huilong,31.8111,121.655,48.97,46,92,9.8,CN,1640929647
Krasnosel'kup,65.7,82.4667,-15.48,99,94,5.93,RU,1640929647
Forsytheganj,52.6333,29.7333,32.41,98,100,8.21,BY,1640929647
Shingū,33.7333,135.9833,43.79,63,6,17.58,JP,1640929648
Russell,32.3502,-85.1999,64.96,95,41,3.42,US,1640929648
Umm Kaddadah,13.6017,26.6876,62.8,21,3,10.38,SD,1640929649
Busembatia,0.7697,33.6131,67.42,81,100,6.15,UG,1640929649
Flinders,-34.5833,150.8552,86.81,64,0,5.99,AU,1640929649
Bima,-8.4667,118.7167,85.84,71,99,6.29,ID,1640929649
Den Helder,52.9599,4.7593,56.98,90,90,21.99,NL,1640929650
Envira,-7.3,-70.2167,72.1,99,97,2.55,BR,1640929650
Guarapari,-20.6667,-40.4975,75.09,94,100,7.27,BR,1640929650
Dnestrovsc,46.6222,29.9133,25.16,95,99,3.62,MD,1640929650
Copiapó,-27.3667,-70.3333,61.81,84,2,2.93,CL,1640929651
Dingle,10.9995,122.6711,77.97,85,98,15.73,PH,1640929651
Mudanjiang,44.5833,129.6,-1.7,74,95,15.82,CN,1640929651
Aksu,41.1231,80.2644,28.53,51,81,1.54,CN,1640929652
Barra dos Coqueiros,-10.9089,-37.0386,78.82,78,20,8.05,BR,1640929652
Oktyabr'skiy,54.4815,53.471,13.78,95,100,5.14,RU,1640929653
Haines Junction,60.7522,-137.5108,-20.25,76,25,1.14,CA,1640929653
Pacific Grove,36.6177,-121.9166,50.67,84,18,3.0,US,1640929655
Camopi,3.1655,-52.3158,71.37,100,98,2.44,GF,1640929655
The Valley,18.217,-63.0578,78.1,71,37,19.82,AI,1640929655
Puerto Carreño,6.189,-67.4859,77.52,68,94,7.47,CO,1640929656
Mwinilunga,-11.7358,24.4293,61.7,99,100,3.27,ZM,1640929656
Misratah,32.3754,15.0925,60.49,68,0,13.67,LY,1640929657
Seoul,37.5683,126.9778,27.79,22,0,9.22,KR,1640929595
Vila Franca do Campo,37.7167,-25.4333,61.21,90,100,14.18,PT,1640929657
Ojinaga,29.5667,-104.4167,60.42,47,1,4.61,MX,1640929657
Doctor Arroyo,23.6667,-100.1833,58.93,41,19,4.65,MX,1640929658
Tuatapere,-46.1333,167.6833,68.83,60,100,8.79,NZ,1640929659
Solnechnyy,50.7214,136.6319,-0.8,92,100,17.78,RU,1640929659
Huatulco,15.8436,-96.3267,69.87,81,5,3.42,MX,1640929660
Taungdwingyi,20.0167,95.55,83.84,37,74,5.28,MM,1640929447
Wahiawā,21.5028,-158.0236,70.12,91,90,0.0,US,1640929661
Glenwood Springs,39.5505,-107.3248,33.6,87,90,16.11,US,1640929662
Cuervos,32.6314,-114.8556,56.32,88,24,7.4,MX,1640929662
Tsiroanomandidy,-18.7667,46.0333,76.95,70,97,4.88,MG,1640929662
Frolishchi,56.4211,42.6533,10.08,97,100,4.54,RU,1640929663
Agadez,19.75,10.25,55.2,37,0,8.9,NE,1640929663
Abriaquí,6.6315,-76.0644,55.58,97,100,0.74,CO,1640929663
Twin Falls,42.3505,-114.6445,25.14,93,90,19.57,US,1640929663
Geraldton,-28.7667,114.6,82.81,57,6,20.71,AU,1640929663
Khovd,48.0056,91.6419,9.59,63,16,2.33,MN,1640929664
Amapá,1.0,-52.0,70.54,100,100,2.28,BR,1640929664
Pemangkat,1.1667,108.9667,83.28,73,85,8.23,ID,1640929664
Vostok,46.4856,135.8833,-19.59,92,100,6.6,RU,1640929664
Vestmanna,62.1564,-7.1664,38.32,81,75,5.75,FO,1640929665
Batemans Bay,-35.7167,150.1833,93.2,44,0,11.52,AU,1640929531
Daru,-9.0763,143.2092,83.71,77,100,8.39,PG,1640929665
Mount Gambier,-37.8333,140.7667,94.91,16,0,19.57,AU,1640929665
Koutiala,12.3917,-5.4642,67.33,15,0,8.55,ML,1640929665
Sabang,5.8933,95.3214,79.86,83,100,24.4,ID,1640929666
Korhogo,9.45,-5.6333,67.55,19,24,5.08,CI,1640929666
Savannah Bight,16.45,-85.85,80.01,78,3,24.11,HN,1640929666
Varhaug,58.6147,5.6457,44.47,99,100,6.15,NO,1640929666
Banjar,-8.19,114.9675,85.91,71,68,3.04,ID,1640929638
Baena,37.6167,-4.3225,54.43,59,2,4.21,ES,1640929667
Constitución,-35.3333,-72.4167,53.49,66,0,11.03,CL,1640929667
Mahon,39.8885,4.2658,54.16,94,90,6.91,ES,1640929667
Concordia,-31.393,-58.0209,78.78,46,42,5.99,AR,1640929669
Arandis,-22.4167,14.9667,53.47,51,0,3.33,NA,1640929669
North Bend,43.4065,-124.2243,45.86,95,90,5.75,US,1640929670
Nicoya,10.1483,-85.452,78.35,88,52,4.21,CR,1640929670
Miran Shah,33.0086,70.0697,55.53,19,97,2.39,PK,1640929671
Pecos,31.4229,-103.4932,56.86,40,40,3.44,US,1640929671
Jacareacanga,-6.2222,-57.7528,73.0,99,100,0.94,BR,1640929671
Conceição do Araguaia,-8.2578,-49.2647,72.34,98,100,2.17,BR,1640929672
Takapau,-40.0333,176.35,72.73,67,54,1.63,NZ,1640929672
Xichang,27.8964,102.2634,61.38,49,16,5.86,CN,1640929672
Healdsburg,38.6105,-122.8692,43.0,81,1,1.01,US,1640929509
Blackwater,-23.5833,148.8833,87.8,39,71,11.18,AU,1640929673
Kinsale,51.7075,-8.5306,54.77,94,75,25.32,IE,1640929673
Port Macquarie,-31.4333,152.9167,78.76,62,30,12.03,AU,1640929533
Wexford,52.3342,-6.4575,56.52,92,100,26.22,IE,1640929674
Beirut,33.8889,35.4944,60.39,51,40,4.61,LB,1640929674
Yabēlo,4.8833,38.0833,68.07,29,70,16.15,ET,1640929674
Beroroha,-21.6667,45.1667,91.85,45,70,2.84,MG,1640929674
Mezhova,48.2532,36.7347,18.86,94,100,2.24,UA,1640929675
Sinegorsk,47.1667,142.5,10.74,86,78,9.15,RU,1640929675
Camacha,33.0833,-16.3333,68.76,88,0,5.75,PT,1640929675
Lüleburgaz,41.4039,27.3592,43.97,91,73,3.13,TR,1640929675
Clonakilty,51.6231,-8.8706,54.61,92,88,23.38,IE,1640929676
Karratha,-20.7377,116.8463,88.41,56,3,13.94,AU,1640929676
Noumea,-22.2763,166.4572,78.78,85,100,15.39,NC,1640929679
Leninsk,48.7119,45.1994,33.66,100,100,8.5,RU,1640929679
Eyl,7.9803,49.8164,80.44,70,53,17.16,SO,1640929680
Alta Floresta,-9.8756,-56.0861,70.38,99,100,4.43,BR,1640929680
Llanes,43.4198,-4.7549,54.9,53,29,6.85,ES,1640929680
Tsogni,-2.7942,10.0988,74.62,91,82,4.54,GA,1640929680
Aleksandrov Gay,50.147,48.5704,25.86,96,98,8.59,RU,1640929681
Kimbe,-5.5502,150.1429,80.67,87,100,3.42,PG,1640929681
Alappuzha,9.49,76.3264,83.52,61,39,1.9,IN,1640929415
Lichinga,-13.3128,35.2406,71.69,78,20,16.11,MZ,1640929682
Kungälv,57.871,11.9805,43.45,98,100,11.77,SE,1640929682
Nantucket,41.2835,-70.0995,47.03,91,100,3.15,US,1640929609
Pyaozerskiy,65.8333,31.1667,20.57,97,100,3.47,RU,1640929683
Pilar,-9.5972,-35.9567,75.13,84,7,4.16,BR,1640929683
Northam,51.0333,-4.2167,55.62,96,100,22.21,GB,1640929683
Padang,-0.9492,100.3543,84.25,79,80,4.03,ID,1640929466
Mayo,38.8876,-76.5119,53.19,95,100,3.98,US,1640929684
Turangi,-39.0,175.9333,72.36,41,7,7.7,NZ,1640929684
Terra Santa,-2.1042,-56.4869,75.61,92,100,2.35,BR,1640929684
Lucea,18.451,-78.1736,75.06,78,2,11.72,JM,1640929685
Barcelos,41.5388,-8.6151,51.94,72,18,6.46,PT,1640929685
Chateaubelair,13.2833,-61.25,77.61,67,28,16.89,VC,1640929685
Buraidah,26.326,43.975,54.05,79,12,12.48,SA,1640929685
Vad,55.5301,44.2114,13.32,97,100,4.94,RU,1640929686
Paracatu,-17.2222,-46.8747,67.23,98,100,2.84,BR,1640929687
Itaguaí,-22.8522,-43.7753,74.59,100,90,5.75,BR,1640929687
Itarema,-2.9248,-39.9167,79.75,79,95,10.4,BR,1640929688
Raudeberg,61.9875,5.1352,37.87,96,100,13.4,NO,1640929688
Pitkyaranta,61.5734,31.4792,26.38,96,100,14.54,RU,1640929688
Várzea da Palma,-17.5981,-44.7308,67.75,97,100,1.39,BR,1640929689
Sørland,67.667,12.6934,34.93,73,96,33.55,NO,1640929689
San Andrés,12.5847,-81.7006,82.42,74,40,11.5,CO,1640929689
Shreveport,32.5251,-93.7502,67.44,87,1,0.0,US,1640929689
Kutum,14.2,24.6667,59.7,30,55,4.97,SD,1640929690
Batagay-Alyta,67.8006,130.4114,-45.54,98,46,3.04,RU,1640929690
Massaguet,12.4755,15.4365,66.04,21,3,8.9,TD,1640929690
Jianning,27.8333,113.15,48.33,51,22,2.24,CN,1640929691
Soligalich,59.0778,42.2864,10.63,95,93,7.47,RU,1640929693
Belmonte,-15.8631,-38.8828,75.7,89,85,5.88,BR,1640929693
Korla,41.7597,86.1469,24.93,50,18,5.08,CN,1640929693
Tarakan,3.3,117.6333,85.5,70,75,5.75,ID,1640929694
Nome,64.5011,-165.4064,-7.53,71,1,4.61,US,1640929695
Krasnoural'sk,58.3638,60.0407,4.66,92,86,5.37,RU,1640929695
Taltal,-25.4,-70.4833,64.65,87,45,4.59,CL,1640929695
Salé,34.0389,-6.8166,57.22,87,0,0.0,MA,1640929695
Moyo,3.6609,31.7247,80.01,41,91,6.38,UG,1640929696
Shenjiamen,29.9576,122.298,48.06,54,5,10.76,CN,1640929697
Montepuez,-13.1256,38.9997,82.2,58,94,5.28,MZ,1640929697
Adrar,20.5022,-10.0711,60.67,31,0,10.47,MR,1640929697
San Quintín,30.4833,-115.95,59.25,90,98,11.1,MX,1640929699
Muros,42.7762,-9.0603,60.84,85,34,17.92,ES,1640929699
Pudozh,61.8099,36.5345,13.62,95,100,8.7,RU,1640929700
Coyhaique,-45.5752,-72.0662,48.81,98,99,7.34,CL,1640929700
La Colmena,-25.8833,-56.8167,74.12,65,34,6.46,PY,1640929700
Punto Fijo,11.6956,-70.1996,77.16,81,99,17.69,VE,1640929701
Lovozero,68.005,35.0117,15.87,96,100,2.57,RU,1640929701
Omsukchan,62.5333,155.8,-39.39,98,34,3.04,RU,1640929701
Caravelas,-17.7125,-39.2481,73.87,91,98,4.61,BR,1640929662
Devils Lake,48.1128,-98.8651,-12.05,83,1,1.99,US,1640929702
Vestmannaeyjar,63.4427,-20.2734,37.45,71,82,22.21,IS,1640929702
